{
  "UPDATE":{
    "avatar":"UPDATE usuarios SET urlAvatar=[urlAvatar] WHERE id_usuario=[id_usuario];",
    "personalInfo":"UPDATE usuarios SET Nombre=[nombre],Apellidos=[apellidos],email=[email] WHERE id_usuario=[id_usuario]",
    "password":"UPDATE usuarios SET password=[password] WHERE id_usuario=[id_usuario];",
    "content_licencia":"DELETE FROM licencias WHERE id_contenido=[id_contenido];"
  },
  "GET":{
    "catalogo_image":"select url_image from contenidos where id_contenido=[id_contenido];",
    "content_servers":"Select id_servidor from relacion_contenido_servidor where id_contenido=[id_contenido];",
    "content_licencias":"Select * from licencias where id_contenido=[id_contenido];",
    "login_info":"Select usuarios.*,proveedores.empresa,proveedores.carpeta_proveedor From usuarios,proveedores where usuarios.email=[userEmail] and usuarios.password=[userPassword] and id_estado=1 and proveedores.id_proveedor=usuarios.id_proveedor",
    "type_of_user":"select perfil.descripcion from perfil where id_perfil=[id_perfil]",
    "generic_information":"Select plataformas.*,tipo_plataformas.descripcion as tipo_plataforma From plataformas,tipo_plataformas where plataformas.id_estado=1 AND tipo_plataformas.id_tipo_plataforma=plataformas.id_tipo_plataforma;Select * From sistema_evaluacion where id_estado=1;Select * From tipo_contenidos where id_estado=1;Select * From estados;Select * From tabla_compatibilidades where id_estado=1;Select * from nivel_educacional where id_estado=1;Select * From derechos_explotacion;SELECT descripcion from perfil;SELECT * FROM proyectos;SELECT * FROM pais;SELECT * FROM puntos_control where id_estado=1;SELECT * FROM valorestablacertificacion;Select * From tecnologias where id_estado=1;Select * From tipo_desarrollo where id_estado=1;Select * From servidores_contenidos where id_estado=1; select * from proveedores;select id_categoria,descripcion from categoria where id_estado=1;select id_habilidad,descripcion from habilidades where id_estado=1;select id_recurso,descripcion from recursos where id_estado=1;",
    "tableOfCompatibilities":"select result.id_punto_control,result.id_tc,result.valor,result.fecha_validacion_proveedor,result.fecha_validacion_CQA from resultado_certificacion_contenido as result, contenidos where contenidos.id_contenido=[id_contenido] and result.id_contenido=contenidos.id_contenido and result.id_estado=1 ORDER by result.id_tc;",
    "user_info":"Select usuarios.*,proveedores.empresa,proveedores.carpeta_proveedor From usuarios,proveedores where usuarios.id_usuario=[id_usuario] and id_estado=1 and proveedores.id_proveedor=usuarios.id_proveedor",
    "content_id":"select c.id_contenido,c.id_proveedor,c.titulo,c.fecha_alta,c.descripcion,c.ruta_zip,c.id_tipo_contenido,c.duracion,c.id_sistema_evaluacion,c.notas,c.id_estado,c.fecha_publicacion,c.id_tipo_desarrollo,c.catalogo_TED,c.id_pais,c.rutaEjecucion,c.responsive,c.notas_produccion,c.participantes,c.indice_contenidos,c.notas_contenidos,c.licencia,pr.id_proyecto,codigo_proyecto,(select id_tecnologia from relacion_contenidos_tecnologias rel where rel.id_contenido=c.id_contenido) as id_tecnologia,(select id_habilidad from relacion_contenidos_habilidades habilidades where habilidades.id_contenido=c.id_contenido and habilidades.id_estado=1) as id_habilidad,(select id_nivel from relacion_contenido_nivel nivel where nivel.id_contenido=c.id_contenido) as id_nivel from (select * from contenidos where id_contenido=[id_contenido]) as c left join relacion_contenidos_proyectos rcp on rcp.id_contenido=c.id_contenido left join  proyectos pr on rcp.id_proyecto=pr.id_proyecto;",
    "info_proveedor":"SELECT * FROM proveedores WHERE id_proveedor=[id_proveedor];",
    "content_platforms":"SELECT content_platforms.id_plataforma FROM relacion_contenido_plataforma as content_platforms WHERE id_contenido=[id_contenido];",
    "subcategorias":"select id_subcategoria,descripcion from subcategorias where id_estado=1 and id_categoria=[id_categoria];",
    "content_categorias_subcategorias":"select id_subcategoria,id_categoria from relacion_contenido_categorias_subcategorias where id_contenido=[id_contenido];",
    "content_recursos":"select id_contenido,id_recurso from relacion_contenidos_recursos WHERE id_contenido=[id_contenido] and id_estado=1;",
    "content_catalogo":"select id_contenido,id_pais,titulo,rutaEjecucion,(select id_tecnologia from relacion_contenidos_tecnologias rel where rel.id_contenido=c.id_contenido) as id_tecnologia,(select id_nivel from relacion_contenido_nivel nivel where nivel.id_contenido=c.id_contenido) as id_nivel from contenidos c where catalogo_ted=1;",
    "course_certified":"select count(*) from resultado_certificacion_contenido where id_contenido=[id_contenido] and id_estado=1 union select count(*) as validadas from resultado_certificacion_contenido where id_contenido=[id_contenido] and valor=(select id_valor from valorestablacertificacion where descripcion='Certificado') and id_estado=1;"
  },
  "INSERT":{
    "content_licencia":"INSERT INTO licencias SET id_contenido=[id_contenido],fecha_inicio=[fecha_inicio],fecha_fin=[fecha_fin],numero_licencias=[numero_licencias];"

  }
}
