{
  "GET":{
    "generic_information":"Select plataformas.*,tipo_plataformas.descripcion as tipo_plataforma From plataformas,tipo_plataformas where plataformas.id_estado=1 AND tipo_plataformas.id_tipo_plataforma=plataformas.id_tipo_plataforma;Select * From sistema_evaluacion where id_estado=1;Select * From tipo_contenidos where id_estado=1;Select * From estados;Select * From tabla_compatibilidades where id_estado=1;Select * from nivel_educacional where id_estado=1;Select * From derechos_explotacion;SELECT descripcion from perfil;SELECT * FROM proyectos;SELECT * FROM pais;SELECT * FROM puntos_control where id_estado=1;SELECT * FROM valorestablacertificacion;Select * From tecnologias where id_estado=1;Select * From tipo_desarrollo where id_estado=1;",
    "contents_proveedor":"select c.id_contenido,codigo_proyecto,c.titulo,c.duracion,c.id_pais,c.fecha_publicacion,c.id_tipo_desarrollo, pr.id_proyecto from contenidos c left join relacion_contenidos_proyectos rcp on rcp.id_contenido=c.id_contenido left join  proyectos pr on rcp.id_proyecto=pr.id_proyecto where id_proveedor=[id_proveedor] and  c.id_estado!=4;"
  },
  "INSERT":{

  },
  "UPDATE":{

  }
}
