{
  "GET":{
    "generic_information":"Select plataformas.*,tipo_plataformas.descripcion as tipo_plataforma From plataformas,tipo_plataformas where plataformas.id_estado=1 AND tipo_plataformas.id_tipo_plataforma=plataformas.id_tipo_plataforma;Select * From sistema_evaluacion where id_estado=1;Select * From tipo_contenidos where id_estado=1;Select * From estados;Select * From tabla_compatibilidades where id_estado=1;Select * from nivel_educacional where id_estado=1;Select * From derechos_explotacion;SELECT descripcion from perfil;SELECT * FROM proyectos;SELECT * FROM pais;SELECT * FROM puntos_control where id_estado=1;SELECT * FROM valorestablacertificacion;Select * From tecnologias where id_estado=1;Select * From tipo_desarrollo where id_estado=1;",
    "contents_proveedor":"select c.id_contenido,codigo_proyecto,c.titulo,c.duracion,c.id_pais,c.fecha_publicacion,c.id_tipo_desarrollo, pr.id_proyecto from contenidos c left join relacion_contenidos_proyectos rcp on rcp.id_contenido=c.id_contenido left join  proyectos pr on rcp.id_proyecto=pr.id_proyecto where id_proveedor=[id_proveedor] and  c.id_estado!=4;"
  },
  "INSERT":{
    "content":"INSERT INTO catalogo_contenidos.contenidos (id_pais,id_proveedor,notas,titulo, descripcion, ruta_zip, id_tipo_contenido, duracion, id_sistema_evaluacion,id_estado,id_tipo_desarrollo,responsive,licencia) VALUES ([id_pais],[id_proveedor],[notas],[titulo], [descripcion], [ruta_zip], [id_tipo_contenido], [duracion], [id_sistema_evaluacion],[id_estado],[id_tipo_desarrollo],[responsive],[licencia]);",
    "contentRelation":"",
    "tableOfCompatibilities":"INSERT INTO resultado_certificacion_contenido (id_contenido,id_usuario,id_punto_control,id_tc,valor) VALUES [multiple_insert_query];",
    "content_platform":"",
    "content_technology":"INSERT INTO relacion_contenidos_tecnologias (id_contenido,id_tecnologia) VALUES ([id_contenido],[id_tecnologia]);",
    "content_category_subcategory":"INSERT INTO relacion_contenido_categorias_subcategorias (id_contenido,id_categoria,id_subcategoria) VALUES [multiple_insert_query];",
    "content_licencia":"INSERT INTO licencias (id_contenido,fecha_inicio,fecha_fin,numero_licencias) VALUES ([id_contenido],[fecha_inicio],[fecha_fin],[numero_licencias]);",
    "content_habilidades":"INSERT INTO relacion_contenidos_habilidades (id_contenido,id_habilidad,id_estado) VALUES ([id_contenido],[id_habilidad],1);",
    "content_education":"INSERT INTO relacion_contenido_nivel (id_contenido,id_nivel) VALUES ([id_contenido],[id_nivel]);"
  },
  "UPDATE":{
    "content_categorias_subcategorias":"",
    "content_recursos":"",
    "content":"UPDATE contenidos SET notas=[notas],titulo=[titulo], descripcion=[descripcion], ruta_zip=[ruta_zip],id_tipo_contenido=[id_tipo_contenido],id_pais=[id_pais],duracion=[duracion], id_sistema_evaluacion=[id_sistema_evaluacion],id_estado=[id_estado],id_tipo_desarrollo=[id_tipo_desarrollo],licencia=[licencia],responsive=[responsive] WHERE id_contenido=[id_contenido];",
    "contentRelation":"",
    "rutaEjecucion":"UPDATE contenidos SET rutaEjecucion=[rutaEjecucion] WHERE id_contenido=[id_contenido];",
    "contentNoFile":"UPDATE contenidos SET notas=[notas],titulo=[titulo], descripcion=[descripcion],licencia=[licencia],id_tipo_contenido=[id_tipo_contenido],id_pais=[id_pais],duracion=[duracion], id_sistema_evaluacion=[id_sistema_evaluacion],id_estado=[id_estado],id_tipo_desarrollo=[id_tipo_desarrollo],responsive=[responsive] WHERE id_contenido=[id_contenido];",
    "screenshot":"",
    "tableOfCompatibilities":"UPDATE resultado_certificacion_contenido SET id_estado=0 WHERE id_contenido=[id_contenido];",
    "content_platform":"",
    "content_technology":"DELETE FROM relacion_contenidos_tecnologias WHERE id_contenido=[id_contenido];INSERT INTO relacion_contenidos_tecnologias (id_contenido,id_tecnologia) VALUES ([id_contenido],[id_tecnologia]);",
    "content_licencia":"DELETE FROM licencias WHERE id_contenido=[id_contenido];",
    "content_platform_delete":"DELETE from relacion_contenido_plataforma WHERE id_contenido=[id_contenido];",
    "content_habilidades":"",
    "content_education":""
  }
}
